{
  "config": {
    "interaction_samples": 200,
    "interaction_zoom_max": 2.0,
    "interaction_zoom_min": 0.5,
    "load_iterations": 5,
    "synthetic_graph": {
      "edge_count": 5000,
      "node_count": 1000,
      "seed": 1337
    }
  },
  "environment": {
    "cpu_count": 12,
    "platform": "Windows-10-10.0.26200-SP0",
    "python_version": "3.10.0",
    "qt_qpa_platform": "offscreen"
  },
  "generated_at_utc": "2026-03-01T19:10:05.533069+00:00",
  "limitations": [
    "Measurements are from a Python-level harness and include event-loop processing overhead.",
    "Runs use Qt offscreen platform (QT_QPA_PLATFORM=offscreen), so GPU/compositor behavior differs from interactive desktop rendering.",
    "Absolute timings are machine- and load-dependent; compare trends on the same hardware for regressions."
  ],
  "metrics": {
    "pan_interaction_ms": {
      "samples": [
        10.598699969705194,
        10.776100039947778,
        12.75660004466772,
        14.675600046757609,
        14.527000021189451,
        10.08219999494031,
        13.480000023264438,
        12.800499971490353,
        6.791899970266968,
        10.584999981801957,
        13.03949998691678,
        12.128300033509731,
        13.105799967888743,
        12.17719999840483,
        10.994600015692413,
        12.358599982690066,
        8.25539999641478,
        6.4292000024579465,
        11.736900021787733,
        11.003099964000285,
        11.062000005040318,
        12.706800014711916,
        12.044700037222356,
        7.630800013430417,
        14.453999989200383,
        11.62299996940419,
        10.048500029370189,
        12.47789995977655,
        12.495399976614863,
        12.455500022042543,
        14.074400009121746,
        10.689099959563464,
        9.895399969536811,
        12.032700004056096,
        15.726399957202375,
        10.538300033658743,
        14.735799981281161,
        10.276600020006299,
        9.737799991853535,
        8.08060000417754,
        8.171499997843057,
        9.389799961354584,
        13.492400001268834,
        12.115699995774776,
        10.975999990478158,
        13.582699990365654,
        11.20090001495555,
        10.437800025101751,
        6.6426999983377755,
        11.296099983155727,
        12.695999990683049,
        7.939200033433735,
        9.86470002681017,
        10.529600025620311,
        11.08400005614385,
        10.373500001151115,
        10.29269996797666,
        6.734199996571988,
        9.990599995944649,
        8.686899964231998,
        10.376200021710247,
        11.09879999421537,
        12.972500000614673,
        6.715799972880632,
        8.187200000975281,
        9.422199975233525,
        12.879299989435822,
        11.370500025805086,
        15.254200028721243,
        16.086800023913383,
        11.66780001949519,
        8.775199996307492,
        11.45130000077188,
        12.833600048907101,
        9.287399996537715,
        6.922000029589981,
        10.886100004427135,
        11.916699993889779,
        10.0720000336878,
        11.99049997376278,
        11.247899965383112,
        11.335000046528876,
        6.76060002297163,
        11.503899993840605,
        12.936500017531216,
        12.998999969568104,
        10.57709997985512,
        8.629899995867163,
        11.893199989572167,
        12.949700001627207,
        13.63070000661537,
        11.023700004443526,
        8.715500007383525,
        9.624800004530698,
        11.781500012148172,
        11.802699998952448,
        11.605600011534989,
        7.337599992752075,
        11.530200019478798,
        10.001899965573102,
        9.59629996214062,
        10.883999988436699,
        10.5489999987185,
        7.808400026988238,
        11.559900012798607,
        9.154400031547993,
        10.732099995948374,
        12.325100018642843,
        10.856600012630224,
        9.558799967635423,
        12.20239995745942,
        8.957899990491569,
        14.083399961236864,
        11.741900001652539,
        9.983600000850856,
        11.072300025261939,
        9.074200002942234,
        8.469499996863306,
        15.400999982375652,
        9.593599999789149,
        8.337399980518967,
        8.915500016883016,
        8.227100013755262,
        12.247099948581308,
        10.930599994026124,
        10.316599975340068,
        8.085399982519448,
        6.333800032734871,
        11.73279999056831,
        8.703599974978715,
        10.535300010815263,
        10.698000027332455,
        12.817799986805767,
        10.615799983497709,
        10.474599956069142,
        8.645699999760836,
        12.634499988052994,
        11.883600032888353,
        8.04960000095889,
        12.503399979323149,
        11.92550000268966,
        7.07170000532642,
        12.296600034460425,
        10.296099993865937,
        10.397100006230175,
        12.847799982409924,
        14.546300051733851,
        6.482600001618266,
        11.91659999312833,
        6.710999994538724,
        10.00250002834946,
        6.8082999787293375,
        11.669599974993616,
        13.306600041687489,
        9.36980004189536,
        9.950099978595972,
        9.093100030440837,
        10.282600007485598,
        12.62629998382181,
        6.284500006586313,
        7.2475000051781535,
        10.163000028114766,
        10.450799949467182,
        11.11800002399832,
        9.683599986601621,
        6.7476999829523265,
        13.921799953095615,
        11.5358000039123,
        10.319900000467896,
        10.250899998936802,
        10.603200003970414,
        13.9181999838911,
        8.695200027432293,
        9.903599973767996,
        13.743799994699657,
        9.737399988807738,
        11.560400016605854,
        12.170700007118285,
        12.151200033258647,
        8.011500001884997,
        10.551600018516183,
        5.716899991966784,
        12.323399947490543,
        8.313899976201355,
        10.32819994725287,
        9.830800001509488,
        14.440500002820045,
        7.74879998061806,
        8.86890001129359,
        6.408099958207458,
        13.516400009393692,
        7.43330002296716,
        8.137899974826723,
        8.816700021270663,
        6.860799971036613,
        12.456300028134137,
        11.27779996022582,
        9.375899971928447,
        8.525000012014061,
        11.173799983225763
      ],
      "summary": {
        "max": 16.086800023913383,
        "mean": 10.644272499193903,
        "min": 5.716899991966784,
        "p50": 10.652449971530586,
        "p95": 14.101254963316018
      }
    },